occipital,leftTemporalPole,rightTemporalPole
2.09362239237483,1.06096119639491,1.1052276832994
