rightFusiform,leftFusiform
1.33236739595646,1.05115405480003
