occipital,limbic
1.20714316116567,1.32772243515826
