RightHemi,LeftHemi
1.07981300807833,0.793134107289259
