Occipital,LeftTemp,FrontCent
1.79295600411706,0.284304829378379,0.814152886111969
