Occipital,FrontCent,LeftTemp
1.77713547499754,1.12534926468073,0.272804454252946
