occipital,parietal
-2.1180016778835,-1.339538067984
