fusiform,parietal,leftFrontal,rightFrontal
-1.9937487985221,-1.27511584906399,-1.19488370629682,-0.796565101971777
