occipital,parietal
-1.94460696494704,-1.32616343854401
