fusiform,parietal,leftFrontal,rightFrontal,leftIFG
-2.24633864018393,-1.11790355515063,-1.63452618729058,-1.32611908511407,-0.240782921289006
