LeftHemi,RightHemi
0.691235592321293,1.07203931933251
