LeftHemi,RightHemi
0.387486398087053,0.519903798831514
