Occipital,Central,Parietal
1.02583888255988,0.527205322302488,0.449748182296687
