Occipital,Central
0.439035259103852,0.721578284963703
