Occipital,Central
0.99947480794108,0.716445651574808
