Occipital,Central
0.439025639296936,0.721576586984639
