LeftTemp,RightTemp
1.19602724422975,0.863910611516962
