Occipital,Temporal,Central
1.78999653443617,0.190921281194713,1.15464001483872
