Occipital,Cingulum,Frontal
1.76967753104636,1.13610711364948,0.0922490892475897
